<?xml version="1.0" encoding="UTF-8"?>
<project-private xmlns="http://www.netbeans.org/ns/project-private/1">
    <editor-bookmarks xmlns="http://www.netbeans.org/ns/editor-bookmarks/2" lastBookmarkId="0"/>
    <open-files xmlns="http://www.netbeans.org/ns/projectui-open-files/2">
        <group>
            <file>file:/home/peter/Documents/Projects/chilexplox/src/chilexplox/Sucursal.java</file>
            <file>file:/home/peter/Documents/Projects/chilexplox/src/chilexplox/Pedido.java</file>
            <file>file:/home/peter/Documents/Projects/chilexplox/src/chilexplox/Empresa.java</file>
            <file>file:/home/peter/Documents/Projects/chilexplox/src/chilexplox/Camion.java</file>
            <file>file:/home/peter/Documents/Projects/chilexplox/src/chilexplox/Cliente.java</file>
            <file>file:/home/peter/Documents/Projects/chilexplox/src/chilexplox/Empleado.java</file>
            <file>file:/home/peter/Documents/Projects/chilexplox/src/chilexplox/main.java</file>
            <file>file:/home/peter/Documents/Projects/chilexplox/src/chilexplox/Encomienda.java</file>
            <file>file:/home/peter/Documents/Projects/chilexplox/src/chilexplox/Mensaje.java</file>
        </group>
    </open-files>
</project-private>
